topic,keywords,count,mean_sentiment,negative_pct
3,"tax, money, currency, taxes, cash",631,-0.766744810740153,89.33333333333333
12,"food, starving, feed, hungry, famine",407,-0.765019736289978,89.33333333333333
9,"missile, missiles, icbm, missile defense, defense",428,-0.7410612499713898,87.33333333333333
2,"nukes, nuclear, nuclear weapons, weapons, nuke",846,-0.7363236526648204,86.66666666666667
1,"nukes, nuclear, nuclear weapons, weapons, nuke",990,-0.5861365155378977,80.66666666666666
13,"kids, birth, fertility, children, rate",404,-0.5743558092912038,79.33333333333333
0,"china, chinese, ccp, economy, countries",1249,-0.5686321993668874,78.66666666666666
16,"moon, moon jae, jae, president moon, ban ki",352,-0.5548169501622517,78.0
14,"dogs, dog, meat, pigs, animals",363,-0.5143013819058736,76.0
17,"japan, japanese, korea japan, japan korea, korea",341,-0.5093354554971059,76.0
11,"nk, nk propaganda, daily nk, nk just, propaganda",407,-0.46177711685498557,73.33333333333333
19,"communism, socialism, capitalism, communist, socialist",333,-0.44224222739537555,72.0
15,"trump, president, election, bernie, stupid",354,-0.3670173482100169,68.66666666666667
8,"kim, kimmy, lil, lil kim, kim kim",493,-0.35305392066637675,68.0
5,"sister, hillary, woman, shes, looks",555,-0.3249782963593801,66.66666666666666
10,"dprk, propaganda, dprk just, dprk government, know dprk",422,-0.30713157415390013,65.33333333333333
6,"jong, kim jong, kim, il, jung",520,-0.29042005499204,64.66666666666666
4,"city, buildings, tours, tour, visit",606,-0.21954228440920512,61.33333333333333
7,"comment, ignorance, wrong, argument, said",498,-0.19130266348520913,59.333333333333336
18,"thanks, thank, thanks sharing, sharing, interesting thanks",339,0.7063975052038829,14.666666666666666
