{
    "total_runtime": 3140.1473441123962,
    "num_documents": 2,
    "update_documents": 0,
    "input_load_time": 0,
    "workflows": {
        "load_input_documents": {
            "overall": 0.03468799591064453
        },
        "create_base_text_units": {
            "overall": 0.25406694412231445
        },
        "create_final_documents": {
            "overall": 0.0253448486328125
        },
        "extract_graph": {
            "overall": 2778.038656234741
        },
        "finalize_graph": {
            "overall": 0.07300996780395508
        },
        "extract_covariates": {
            "overall": 6.699562072753906e-05
        },
        "create_communities": {
            "overall": 0.0960378646850586
        },
        "create_final_text_units": {
            "overall": 0.048449039459228516
        },
        "create_community_reports": {
            "overall": 341.5364408493042
        },
        "generate_text_embeddings": {
            "overall": 20.039659023284912
        }
    }
}